{
  "model_name": "AttentionMultimodal",
  "training_result": {
    "best_val_auc": 0.8095238095238095,
    "best_epoch": 1,
    "total_time": 0.8550946712493896,
    "train_history": {
      "loss": [
        1.281627625835185,
        1.0872529331518679,
        1.031727705683027,
        0.8493859141456838,
        0.5295326182124566,
        0.48649332870026024,
        0.4987884011803841,
        0.31318968580085405,
        0.28763336961974906,
        0.4187182946016594,
        0.2069752381316253,
        0.2665966957123304
      ],
      "acc": [
        0.3469387755102041,
        0.4897959183673469,
        0.5714285714285714,
        0.7346938775510204,
        0.8571428571428571,
        0.8571428571428571,
        0.8571428571428571,
        0.8775510204081632,
        0.9183673469387755,
        0.9183673469387755,
        0.9591836734693877,
        0.9387755102040817
      ],
      "auc": [
        0.5,
        0.7083333333333333,
        0.3125,
        0.6041666666666667,
        0.6666666666666667,
        1.0,
        0.8333333333333334,
        0.5625,
        0.6458333333333333,
        0.5833333333333333,
        0.8333333333333334,
        0.625
      ],
      "f1": [
        0.3491286624539926,
        0.4294491990344525,
        0.5123517413311173,
        0.6889757321368262,
        0.8010989010989011,
        0.8024757126391135,
        0.8396755625327055,
        0.8483457096128645,
        0.9087880049979176,
        0.9086285627718743,
        0.9492412349555206,
        0.9298480260579386
      ]
    },
    "val_history": {
      "loss": [
        0.7907260656356812,
        0.7204886913299561,
        0.8790318965911865,
        1.0293182373046874,
        1.6825780868530273,
        1.8020334243774414,
        1.8454137802124024,
        1.9970561027526856,
        1.61062593460083,
        1.634870719909668,
        1.9151013374328614,
        1.8994335174560546
      ],
      "acc": [
        0.3,
        0.7,
        0.4,
        0.4,
        0.5,
        0.5,
        0.5,
        0.5,
        0.6,
        0.6,
        0.5,
        0.5
      ],
      "auc": [
        0.6666666666666667,
        0.8095238095238095,
        0.6666666666666667,
        0.5714285714285714,
        0.1904761904761905,
        0.33333333333333337,
        0.380952380952381,
        0.33333333333333337,
        0.4285714285714286,
        0.4285714285714286,
        0.1904761904761905,
        0.1904761904761905
      ],
      "f1": [
        0.13846153846153847,
        0.5764705882352941,
        0.325,
        0.4,
        0.5164835164835165,
        0.5164835164835165,
        0.5164835164835165,
        0.5164835164835165,
        0.6166666666666666,
        0.6166666666666666,
        0.5164835164835165,
        0.5164835164835165
      ]
    }
  },
  "test_result": {
    "metrics": {
      "acc": 0.6363636363636364,
      "auc": 0.5357142857142857,
      "f1": 0.5818181818181819,
      "sensitivity@90%spec": 0.0
    },
    "classification_report": {
      "0": {
        "precision": 0.0,
        "recall": 0.0,
        "f1-score": 0.0,
        "support": 3.0
      },
      "2": {
        "precision": 0.25,
        "recall": 1.0,
        "f1-score": 0.4,
        "support": 1.0
      },
      "3": {
        "precision": 0.8571428571428571,
        "recall": 0.8571428571428571,
        "f1-score": 0.8571428571428571,
        "support": 7.0
      },
      "accuracy": 0.6363636363636364,
      "macro avg": {
        "precision": 0.36904761904761907,
        "recall": 0.6190476190476191,
        "f1-score": 0.41904761904761906,
        "support": 11.0
      },
      "weighted avg": {
        "precision": 0.5681818181818182,
        "recall": 0.6363636363636364,
        "f1-score": 0.5818181818181819,
        "support": 11.0
      }
    }
  },
  "model_summary": {
    "model_name": "AttentionMultimodal",
    "total_parameters": 2225433,
    "trainable_parameters": 2225433,
    "model_size_mb": 8.48935317993164,
    "best_val_auc": 0.0,
    "device": "cuda"
  }
}