{
  "model_name": "BaselineMultimodal",
  "training_result": {
    "best_val_auc": 0.7142857142857144,
    "best_epoch": 8,
    "total_time": 1.0595993995666504,
    "train_history": {
      "loss": [
        1.1797979851158298,
        0.9911136773167825,
        0.8932293471024961,
        0.8327170190762501,
        0.7700107973449084,
        0.8636347383868938,
        0.6924135624145975,
        0.7097297736576625,
        0.6713580878413453,
        0.656899665083204,
        0.7083446444297323,
        0.6199834748190276,
        0.508253699662734,
        0.500182286513095,
        0.5783725149777471,
        0.5492574925325355,
        0.49408469333940624,
        0.49669015407562256,
        0.39163586314843624
      ],
      "acc": [
        0.42857142857142855,
        0.5510204081632653,
        0.6326530612244898,
        0.673469387755102,
        0.6122448979591837,
        0.6122448979591837,
        0.6938775510204082,
        0.673469387755102,
        0.7346938775510204,
        0.7551020408163265,
        0.6326530612244898,
        0.7346938775510204,
        0.7959183673469388,
        0.8367346938775511,
        0.8163265306122449,
        0.7346938775510204,
        0.7959183673469388,
        0.7959183673469388,
        0.8367346938775511
      ],
      "auc": [
        0.02083333333333337,
        0.7083333333333333,
        0.875,
        1.0,
        1.0,
        1.0,
        1.0,
        1.0,
        1.0,
        0.9791666666666666,
        1.0,
        1.0,
        1.0,
        1.0,
        1.0,
        0.9791666666666666,
        1.0,
        1.0,
        1.0
      ],
      "f1": [
        0.4037900874635568,
        0.48698099929627026,
        0.591631774661084,
        0.6224696775261829,
        0.560969387755102,
        0.5940534262485482,
        0.6545086119554204,
        0.6267586860578774,
        0.6870845899335345,
        0.7059994729599157,
        0.5926919339164237,
        0.7236312932852418,
        0.7838474746194356,
        0.8280720798957881,
        0.803968253968254,
        0.7055831341545626,
        0.7791512209279317,
        0.786014405762305,
        0.8206311859585144
      ]
    },
    "val_history": {
      "loss": [
        0.9333780527114868,
        0.9374403476715087,
        1.1638764142990112,
        1.2648058891296388,
        1.5240351200103759,
        1.663173007965088,
        1.5454428672790528,
        1.6872966766357422,
        1.5789950847625733,
        1.4519484043121338,
        1.8444507122039795,
        1.8763264656066894,
        1.6529509544372558,
        2.0580716133117676,
        2.037378692626953,
        1.9313944816589355,
        2.1300320625305176,
        2.1074102401733397,
        2.135619068145752
      ],
      "acc": [
        0.5,
        0.1,
        0.3,
        0.2,
        0.2,
        0.1,
        0.3,
        0.1,
        0.3,
        0.4,
        0.1,
        0.2,
        0.3,
        0.1,
        0.3,
        0.3,
        0.2,
        0.2,
        0.2
      ],
      "auc": [
        0.1904761904761905,
        0.23809523809523814,
        0.1904761904761905,
        0.09523809523809525,
        0.09523809523809525,
        0.04761904761904762,
        0.0,
        0.5238095238095238,
        0.7142857142857144,
        0.6666666666666667,
        0.23809523809523814,
        0.1904761904761905,
        0.7142857142857144,
        0.5714285714285714,
        0.6666666666666667,
        0.6666666666666667,
        0.5714285714285714,
        0.6190476190476191,
        0.5714285714285714
      ],
      "f1": [
        0.4666666666666666,
        0.12727272727272726,
        0.26464646464646463,
        0.2333333333333333,
        0.2333333333333333,
        0.12727272727272726,
        0.26464646464646463,
        0.12727272727272726,
        0.3230769230769231,
        0.4,
        0.12727272727272726,
        0.2,
        0.3230769230769231,
        0.12727272727272726,
        0.3230769230769231,
        0.3230769230769231,
        0.2333333333333333,
        0.2333333333333333,
        0.2333333333333333
      ]
    }
  },
  "test_result": {
    "metrics": {
      "acc": 0.45454545454545453,
      "auc": 0.5357142857142857,
      "f1": 0.4502164502164501,
      "sensitivity@90%spec": 0.0
    },
    "classification_report": {
      "0": {
        "precision": 0.0,
        "recall": 0.0,
        "f1-score": 0.0,
        "support": 3.0
      },
      "2": {
        "precision": 0.16666666666666666,
        "recall": 1.0,
        "f1-score": 0.2857142857142857,
        "support": 1.0
      },
      "3": {
        "precision": 0.8,
        "recall": 0.5714285714285714,
        "f1-score": 0.6666666666666666,
        "support": 7.0
      },
      "accuracy": 0.45454545454545453,
      "macro avg": {
        "precision": 0.32222222222222224,
        "recall": 0.5238095238095238,
        "f1-score": 0.31746031746031744,
        "support": 11.0
      },
      "weighted avg": {
        "precision": 0.5242424242424243,
        "recall": 0.45454545454545453,
        "f1-score": 0.4502164502164501,
        "support": 11.0
      }
    }
  },
  "model_summary": {
    "model_name": "BaselineMultimodal",
    "total_parameters": 195524,
    "trainable_parameters": 195524,
    "model_size_mb": 0.7458648681640625,
    "best_val_auc": 0.0,
    "device": "cuda"
  }
}