{
  "auc": 0.79,
  "f1": 0.9019607843137255,
  "accuracy": 0.8275862068965517
}