{
  "model_name": "EnhancedMMTM",
  "training_result": {
    "best_val_auc": 0.5714285714285714,
    "best_epoch": 7,
    "total_time": 1.5332341194152832,
    "train_history": {
      "loss": [
        1.3056721517017909,
        0.8771793039477601,
        0.706754094483901,
        0.5658232788650357,
        0.4306617002097928,
        0.2686611822977358,
        0.1927707852149496,
        0.21343477526489568,
        0.1450804220702575,
        0.21834949175922239,
        0.20079239959619483,
        0.1999541353814456,
        0.0589899865492266,
        0.13899437995741562,
        0.15725545127096832,
        0.11195178497202542,
        0.03462777925389154,
        0.2004696594893324
      ],
      "acc": [
        0.40816326530612246,
        0.7142857142857143,
        0.7959183673469388,
        0.7959183673469388,
        0.9183673469387755,
        0.9387755102040817,
        0.9795918367346939,
        0.9387755102040817,
        0.9591836734693877,
        0.9387755102040817,
        0.9591836734693877,
        0.9387755102040817,
        1.0,
        0.9591836734693877,
        0.9795918367346939,
        0.9591836734693877,
        1.0,
        0.9387755102040817
      ],
      "auc": [
        0.9583333333333334,
        0.8125,
        1.0,
        0.9791666666666666,
        1.0,
        0.9791666666666666,
        1.0,
        1.0,
        1.0,
        1.0,
        1.0,
        1.0,
        1.0,
        1.0,
        1.0,
        1.0,
        1.0,
        1.0
      ],
      "f1": [
        0.4256648113790971,
        0.662168315602103,
        0.7464138004513623,
        0.7414965986394557,
        0.9086180744569061,
        0.9289625760213995,
        0.9796363717336362,
        0.9382664630478041,
        0.9551020408163264,
        0.9389746142359382,
        0.9591836734693877,
        0.9378955738139411,
        1.0,
        0.9591836734693877,
        0.9796363717336362,
        0.9598942091343308,
        1.0,
        0.9382664630478041
      ]
    },
    "val_history": {
      "loss": [
        0.8549552083015441,
        0.8402526140213012,
        0.9154922962188721,
        1.1449817657470702,
        0.9041032552719116,
        1.0758658170700073,
        1.3026219367980958,
        1.2519813060760498,
        1.2895318508148192,
        1.0573019623756408,
        1.0378646373748779,
        1.0287033319473267,
        1.2960396528244018,
        1.5802494049072267,
        1.6928282499313354,
        1.7075235843658447,
        1.6840529918670655,
        1.5789557933807372
      ],
      "acc": [
        0.7,
        0.5,
        0.5,
        0.5,
        0.6,
        0.5,
        0.4,
        0.5,
        0.5,
        0.6,
        0.7,
        0.6,
        0.6,
        0.4,
        0.4,
        0.4,
        0.4,
        0.5
      ],
      "auc": [
        0.2380952380952381,
        0.1904761904761905,
        0.2857142857142857,
        0.33333333333333337,
        0.33333333333333337,
        0.380952380952381,
        0.4761904761904762,
        0.5714285714285714,
        0.5714285714285714,
        0.380952380952381,
        0.4285714285714286,
        0.33333333333333337,
        0.33333333333333337,
        0.33333333333333337,
        0.33333333333333337,
        0.380952380952381,
        0.380952380952381,
        0.4285714285714286
      ],
      "f1": [
        0.5764705882352941,
        0.5151515151515151,
        0.5151515151515151,
        0.5151515151515151,
        0.6,
        0.5151515151515151,
        0.4133333333333334,
        0.5318181818181819,
        0.5318181818181819,
        0.6,
        0.68,
        0.6,
        0.6166666666666666,
        0.4,
        0.4,
        0.4133333333333334,
        0.4133333333333334,
        0.5318181818181819
      ]
    }
  },
  "test_result": {
    "metrics": {
      "acc": 0.6363636363636364,
      "auc": 0.39285714285714285,
      "f1": 0.5818181818181819,
      "sensitivity@90%spec": 0.0
    },
    "classification_report": {
      "0": {
        "precision": 0.0,
        "recall": 0.0,
        "f1-score": 0.0,
        "support": 3.0
      },
      "2": {
        "precision": 0.25,
        "recall": 1.0,
        "f1-score": 0.4,
        "support": 1.0
      },
      "3": {
        "precision": 0.8571428571428571,
        "recall": 0.8571428571428571,
        "f1-score": 0.8571428571428571,
        "support": 7.0
      },
      "accuracy": 0.6363636363636364,
      "macro avg": {
        "precision": 0.36904761904761907,
        "recall": 0.6190476190476191,
        "f1-score": 0.41904761904761906,
        "support": 11.0
      },
      "weighted avg": {
        "precision": 0.5681818181818182,
        "recall": 0.6363636363636364,
        "f1-score": 0.5818181818181819,
        "support": 11.0
      }
    }
  },
  "model_summary": {
    "model_name": "EnhancedMMTM",
    "total_parameters": 506983,
    "trainable_parameters": 506983,
    "model_size_mb": 1.9339866638183594,
    "best_val_auc": 0.0,
    "device": "cuda"
  }
}