{
  "model_name": "BaselineMultimodal",
  "training_result": {
    "best_val_auc": 0.9523809523809524,
    "best_epoch": 19,
    "total_time": 1.573146104812622,
    "train_history": {
      "loss": [
        1.2039633150003395,
        1.0573748033873889,
        0.9799468711930879,
        0.9167295341589012,
        0.873898374791048,
        0.8842763231725109,
        0.9247100712085257,
        0.8095111822595402,
        0.8051027667765714,
        0.7955783119007033,
        0.7543093172871337,
        0.7094417846932703,
        0.6456916770156549,
        0.8703934075881024,
        0.6770313138864479,
        0.5287999316137664,
        0.5723181573712096,
        0.5629559645847398,
        0.5602008779438175,
        0.5645963780734004,
        0.4781043091598822,
        0.4847508790541668,
        0.42450982149766414,
        0.36671614707732686,
        0.3782647902868232,
        0.4761447870001501,
        0.4380669861423726,
        0.3868761865460143,
        0.31408269794619814,
        0.4597237560213829
      ],
      "acc": [
        0.3877551020408163,
        0.46938775510204084,
        0.5510204081632653,
        0.6530612244897959,
        0.673469387755102,
        0.6326530612244898,
        0.4897959183673469,
        0.7346938775510204,
        0.6326530612244898,
        0.673469387755102,
        0.7142857142857143,
        0.7142857142857143,
        0.673469387755102,
        0.6530612244897959,
        0.673469387755102,
        0.7959183673469388,
        0.7551020408163265,
        0.7551020408163265,
        0.7142857142857143,
        0.7959183673469388,
        0.8367346938775511,
        0.7959183673469388,
        0.8367346938775511,
        0.9183673469387755,
        0.8775510204081632,
        0.8775510204081632,
        0.7755102040816326,
        0.8571428571428571,
        0.9387755102040817,
        0.8367346938775511
      ],
      "auc": [
        0.45833333333333337,
        0.22916666666666663,
        1.0,
        0.9166666666666666,
        0.9375,
        0.9166666666666666,
        1.0,
        1.0,
        1.0,
        1.0,
        0.9583333333333334,
        1.0,
        1.0,
        1.0,
        1.0,
        1.0,
        0.9791666666666666,
        1.0,
        1.0,
        0.9375,
        1.0,
        1.0,
        1.0,
        1.0,
        1.0,
        0.7916666666666666,
        1.0,
        1.0,
        1.0,
        1.0
      ],
      "f1": [
        0.33199149569928443,
        0.43745838761036326,
        0.5176252319109462,
        0.6055801630997227,
        0.6281179138321996,
        0.5902040816326531,
        0.45368916797488223,
        0.6915584415584416,
        0.5911302982731554,
        0.6258503401360545,
        0.6608357628765792,
        0.6678769068603051,
        0.6303768778512829,
        0.611317254174397,
        0.6258503401360543,
        0.7681153699390781,
        0.7062092922275293,
        0.7260478384902348,
        0.6970788315326131,
        0.7838474746194356,
        0.8278956417731927,
        0.7933002390145247,
        0.8187706932412363,
        0.9153061224489796,
        0.8662322071685816,
        0.8616888878645756,
        0.7616618075801749,
        0.8551020408163265,
        0.9284580498866214,
        0.8281886820662332
      ]
    },
    "val_history": {
      "loss": [
        0.8854053735733032,
        0.8589070081710816,
        0.7383028626441955,
        0.7065736293792725,
        0.7846144199371338,
        0.97261962890625,
        0.9899315595626831,
        0.8655889511108399,
        0.7012992322444915,
        0.9412614345550537,
        1.1342108249664307,
        0.7661466836929322,
        0.6990916490554809,
        0.6565144121646881,
        0.8747291803359986,
        0.8085964322090149,
        0.8166152715682984,
        0.814996087551117,
        0.8300711512565613,
        1.1306376457214355,
        0.7554634153842926,
        0.7664491891860962,
        0.7470097631216049,
        0.7837002277374268,
        1.1429982423782348,
        1.0449560642242433,
        1.0318200945854188,
        0.8738130807876587,
        0.7762735068798066,
        1.5321871042251587
      ],
      "acc": [
        0.6,
        0.4,
        0.6,
        0.7,
        0.6,
        0.4,
        0.4,
        0.4,
        0.7,
        0.5,
        0.3,
        0.6,
        0.6,
        0.6,
        0.6,
        0.5,
        0.7,
        0.8,
        0.6,
        0.4,
        0.7,
        0.8,
        0.7,
        0.6,
        0.4,
        0.7,
        0.7,
        0.7,
        0.6,
        0.4
      ],
      "auc": [
        0.6190476190476191,
        0.6666666666666667,
        0.7142857142857143,
        0.7142857142857143,
        0.761904761904762,
        0.6666666666666667,
        0.6190476190476191,
        0.6666666666666667,
        0.8095238095238095,
        0.6190476190476191,
        0.6190476190476191,
        0.7619047619047619,
        0.8095238095238095,
        0.8095238095238095,
        0.8095238095238095,
        0.8095238095238095,
        0.761904761904762,
        0.761904761904762,
        0.8571428571428572,
        0.9523809523809524,
        0.8095238095238095,
        0.8095238095238095,
        0.8095238095238095,
        0.8095238095238095,
        0.7142857142857143,
        0.7142857142857143,
        0.5714285714285714,
        0.6666666666666667,
        0.8571428571428572,
        0.7142857142857144
      ],
      "f1": [
        0.525,
        0.325,
        0.6,
        0.68,
        0.6166666666666666,
        0.4,
        0.325,
        0.325,
        0.7098901098901099,
        0.47474747474747475,
        0.13846153846153847,
        0.6166666666666666,
        0.6,
        0.6,
        0.6,
        0.5164835164835165,
        0.5764705882352941,
        0.7625,
        0.6,
        0.4,
        0.68,
        0.7625,
        0.68,
        0.6,
        0.4133333333333334,
        0.68,
        0.68,
        0.68,
        0.6,
        0.4
      ]
    }
  },
  "test_result": {
    "metrics": {
      "acc": 0.2727272727272727,
      "auc": 0.7857142857142857,
      "f1": 0.301010101010101,
      "sensitivity@90%spec": 0.42857142857142855
    },
    "classification_report": {
      "0": {
        "precision": 0.0,
        "recall": 0.0,
        "f1-score": 0.0,
        "support": 3.0
      },
      "2": {
        "precision": 0.1111111111111111,
        "recall": 1.0,
        "f1-score": 0.2,
        "support": 1.0
      },
      "3": {
        "precision": 1.0,
        "recall": 0.2857142857142857,
        "f1-score": 0.4444444444444444,
        "support": 7.0
      },
      "accuracy": 0.2727272727272727,
      "macro avg": {
        "precision": 0.3703703703703704,
        "recall": 0.42857142857142855,
        "f1-score": 0.2148148148148148,
        "support": 11.0
      },
      "weighted avg": {
        "precision": 0.6464646464646464,
        "recall": 0.2727272727272727,
        "f1-score": 0.301010101010101,
        "support": 11.0
      }
    }
  },
  "model_summary": {
    "model_name": "BaselineMultimodal",
    "total_parameters": 195524,
    "trainable_parameters": 195524,
    "model_size_mb": 0.7458648681640625,
    "best_val_auc": 0.0,
    "device": "cuda"
  }
}