{
  "model_name": "EnhancedMMTM",
  "training_result": {
    "best_val_auc": 0.33333333333333337,
    "best_epoch": 3,
    "total_time": 1.3744471073150635,
    "train_history": {
      "loss": [
        1.2528653582748102,
        0.9607873327878057,
        0.8562146352261913,
        0.6782145682646303,
        0.5795576274394989,
        0.347814960747349,
        0.27325326021836727,
        0.28649971041144157,
        0.30050337132142513,
        0.3105956668756446,
        0.21330873272856887,
        0.2629583356331806,
        0.09925203299035831,
        0.21833547615275092
      ],
      "acc": [
        0.42857142857142855,
        0.5102040816326531,
        0.6326530612244898,
        0.8163265306122449,
        0.8367346938775511,
        0.9387755102040817,
        0.9387755102040817,
        0.9591836734693877,
        0.9387755102040817,
        0.8571428571428571,
        0.9591836734693877,
        0.9183673469387755,
        1.0,
        0.9591836734693877
      ],
      "auc": [
        0.41666666666666663,
        0.9583333333333334,
        1.0,
        1.0,
        1.0,
        1.0,
        1.0,
        1.0,
        0.8333333333333334,
        1.0,
        1.0,
        1.0,
        1.0,
        0.9791666666666666
      ],
      "f1": [
        0.4117913832199546,
        0.4309975738547167,
        0.5923500866886859,
        0.7645092322643344,
        0.8257090528519101,
        0.9289625760213995,
        0.9346938775510204,
        0.9583115297401011,
        0.9284308176436455,
        0.8475936958634384,
        0.9591836734693877,
        0.9177493708105953,
        1.0,
        0.9491878384006663
      ]
    },
    "val_history": {
      "loss": [
        0.7445350289344788,
        0.7928932309150696,
        0.8092411756515503,
        0.7984750270843506,
        0.951743483543396,
        1.0212247848510743,
        1.4063507080078126,
        1.4920930862426758,
        1.5410225868225098,
        1.5853048801422118,
        1.5289194107055664,
        1.4864868640899658,
        1.4648749351501464,
        1.4163445949554443
      ],
      "acc": [
        0.7,
        0.8,
        0.4,
        0.5,
        0.4,
        0.6,
        0.4,
        0.5,
        0.5,
        0.5,
        0.5,
        0.5,
        0.5,
        0.5
      ],
      "auc": [
        0.1904761904761905,
        0.1904761904761905,
        0.2380952380952381,
        0.33333333333333337,
        0.28571428571428575,
        0.28571428571428575,
        0.1904761904761905,
        0.1904761904761905,
        0.1904761904761905,
        0.33333333333333337,
        0.28571428571428575,
        0.14285714285714285,
        0.09523809523809525,
        0.14285714285714288
      ],
      "f1": [
        0.5764705882352941,
        0.8,
        0.4,
        0.5164835164835165,
        0.425,
        0.6,
        0.425,
        0.5164835164835165,
        0.5164835164835165,
        0.5164835164835165,
        0.5164835164835165,
        0.5164835164835165,
        0.5164835164835165,
        0.5164835164835165
      ]
    }
  },
  "test_result": {
    "metrics": {
      "acc": 0.45454545454545453,
      "auc": 0.21428571428571427,
      "f1": 0.45454545454545453,
      "sensitivity@90%spec": 0.14285714285714285
    },
    "classification_report": {
      "0": {
        "precision": 0.0,
        "recall": 0.0,
        "f1-score": 0.0,
        "support": 3.0
      },
      "2": {
        "precision": 0.0,
        "recall": 0.0,
        "f1-score": 0.0,
        "support": 1.0
      },
      "3": {
        "precision": 0.7142857142857143,
        "recall": 0.7142857142857143,
        "f1-score": 0.7142857142857143,
        "support": 7.0
      },
      "accuracy": 0.45454545454545453,
      "macro avg": {
        "precision": 0.2380952380952381,
        "recall": 0.2380952380952381,
        "f1-score": 0.2380952380952381,
        "support": 11.0
      },
      "weighted avg": {
        "precision": 0.45454545454545453,
        "recall": 0.45454545454545453,
        "f1-score": 0.45454545454545453,
        "support": 11.0
      }
    }
  },
  "model_summary": {
    "model_name": "EnhancedMMTM",
    "total_parameters": 506983,
    "trainable_parameters": 506983,
    "model_size_mb": 1.9339866638183594,
    "best_val_auc": 0.0,
    "device": "cuda"
  }
}