{
  "model_name": "AttentionMultimodal",
  "training_result": {
    "best_val_auc": 0.9047619047619048,
    "best_epoch": 13,
    "total_time": 1.9375054836273193,
    "train_history": {
      "loss": [
        1.3112584863390242,
        1.0604727645309604,
        1.029794224670955,
        0.9174467665808541,
        0.7406601546978464,
        0.8853202249322619,
        0.8493342290119249,
        0.6151426130411576,
        0.7095894786168118,
        0.4935735357659204,
        0.4871374502473948,
        0.4383378735154259,
        0.26935155659305804,
        0.40260372478134776,
        0.30028833038344677,
        0.4621196211296685,
        0.17258036748639174,
        0.13002256345840132,
        0.31297345885208677,
        0.19864258778338528,
        0.1726010472570755,
        0.2611772671189843,
        0.2333581983016766,
        0.22053032809374284
      ],
      "acc": [
        0.3877551020408163,
        0.46938775510204084,
        0.40816326530612246,
        0.6122448979591837,
        0.7551020408163265,
        0.7346938775510204,
        0.7346938775510204,
        0.7959183673469388,
        0.8163265306122449,
        0.8367346938775511,
        0.8163265306122449,
        0.8571428571428571,
        0.9183673469387755,
        0.8571428571428571,
        0.9183673469387755,
        0.8775510204081632,
        0.9591836734693877,
        0.9795918367346939,
        0.9387755102040817,
        0.9591836734693877,
        0.9387755102040817,
        0.9387755102040817,
        0.9387755102040817,
        0.9387755102040817
      ],
      "auc": [
        0.7083333333333333,
        0.9375,
        0.22916666666666663,
        0.7291666666666667,
        0.5833333333333333,
        0.8125,
        0.875,
        0.5416666666666667,
        0.22916666666666663,
        0.45833333333333337,
        0.8333333333333334,
        0.29166666666666663,
        0.8125,
        0.6875,
        1.0,
        0.9791666666666666,
        1.0,
        0.9583333333333334,
        0.9166666666666666,
        0.8958333333333334,
        0.9791666666666666,
        0.8958333333333334,
        1.0,
        1.0
      ],
      "f1": [
        0.34528160541190894,
        0.4150510204081632,
        0.37641723356009066,
        0.5760667903525046,
        0.7077922077922078,
        0.6823777129899579,
        0.6879885319101536,
        0.7444148391063743,
        0.7634508348794062,
        0.7838589981447124,
        0.7644489214765167,
        0.8016483516483517,
        0.8968804664723032,
        0.8250937448149993,
        0.9109461966604825,
        0.8660582245320488,
        0.9492412349555206,
        0.9696493982208267,
        0.9296321690731629,
        0.9499517706204637,
        0.9293563579277865,
        0.9313471207881147,
        0.9317556809958025,
        0.9293747286148503
      ]
    },
    "val_history": {
      "loss": [
        0.9120713710784912,
        0.7542589426040649,
        0.7481164455413818,
        0.9458661079406738,
        1.208992314338684,
        1.4962356567382813,
        0.9791800737380981,
        0.991307258605957,
        1.0247482776641845,
        1.1423864126205445,
        1.6407373428344727,
        1.7853833198547364,
        1.9178995132446288,
        2.0117039680480957,
        2.3068830490112306,
        1.9205451965332032,
        2.3624424934387207,
        2.3514991760253907,
        2.2891250610351563,
        2.3323091506958007,
        2.2436495780944825,
        2.1658148765563965,
        2.219132137298584,
        2.2916136741638184
      ],
      "acc": [
        0.3,
        0.7,
        0.5,
        0.4,
        0.7,
        0.5,
        0.7,
        0.7,
        0.7,
        0.7,
        0.6,
        0.6,
        0.6,
        0.6,
        0.5,
        0.6,
        0.5,
        0.5,
        0.5,
        0.5,
        0.5,
        0.5,
        0.5,
        0.5
      ],
      "auc": [
        0.380952380952381,
        0.2857142857142857,
        0.380952380952381,
        0.47619047619047616,
        0.42857142857142855,
        0.6190476190476191,
        0.2380952380952381,
        0.33333333333333337,
        0.33333333333333337,
        0.28571428571428575,
        0.4285714285714286,
        0.8571428571428571,
        0.8095238095238095,
        0.9047619047619048,
        0.9047619047619048,
        0.4761904761904763,
        0.7142857142857143,
        0.7142857142857143,
        0.6190476190476191,
        0.6190476190476191,
        0.7142857142857143,
        0.6666666666666667,
        0.6666666666666667,
        0.6666666666666667
      ],
      "f1": [
        0.13846153846153847,
        0.5764705882352941,
        0.4666666666666666,
        0.4,
        0.5764705882352941,
        0.5151515151515151,
        0.68,
        0.68,
        0.68,
        0.68,
        0.525,
        0.525,
        0.525,
        0.525,
        0.4666666666666666,
        0.6,
        0.4666666666666666,
        0.4666666666666666,
        0.4666666666666666,
        0.4666666666666666,
        0.4666666666666666,
        0.4666666666666666,
        0.4666666666666666,
        0.4666666666666666
      ]
    }
  },
  "test_result": {
    "metrics": {
      "acc": 0.45454545454545453,
      "auc": 0.3214285714285714,
      "f1": 0.4242424242424242,
      "sensitivity@90%spec": 0.14285714285714285
    },
    "classification_report": {
      "0": {
        "precision": 0.0,
        "recall": 0.0,
        "f1-score": 0.0,
        "support": 3.0
      },
      "2": {
        "precision": 0.0,
        "recall": 0.0,
        "f1-score": 0.0,
        "support": 1.0
      },
      "3": {
        "precision": 0.625,
        "recall": 0.7142857142857143,
        "f1-score": 0.6666666666666666,
        "support": 7.0
      },
      "accuracy": 0.45454545454545453,
      "macro avg": {
        "precision": 0.20833333333333334,
        "recall": 0.2380952380952381,
        "f1-score": 0.2222222222222222,
        "support": 11.0
      },
      "weighted avg": {
        "precision": 0.3977272727272727,
        "recall": 0.45454545454545453,
        "f1-score": 0.4242424242424242,
        "support": 11.0
      }
    }
  },
  "model_summary": {
    "model_name": "AttentionMultimodal",
    "total_parameters": 2225433,
    "trainable_parameters": 2225433,
    "model_size_mb": 8.48935317993164,
    "best_val_auc": 0.0,
    "device": "cuda"
  }
}