{
  "auc": 0.7095238095238094,
  "f1": 0.625,
  "accuracy": 0.5862068965517241
}