{
  "model_name": "AttentionMultimodal",
  "best_val_auc": 0.5746606334841629,
  "test_metrics": {
    "acc": 0.5333333333333333,
    "auc": 0.6071428571428571,
    "f1": 0.3710144927536232
  },
  "dataset_info": {
    "total_samples": 200,
    "train_samples": 140,
    "val_samples": 30,
    "test_samples": 30,
    "num_classes": 2,
    "num_features": 10
  }
}