{
  "n_rows": 142,
  "n_original_features": 51,
  "n_encoded_features": 154,
  "n_numeric_features": 37,
  "n_categorical_features": 14,
  "perform_pca": true,
  "pca_explained_variance_ratio": [
    0.04753347537248429,
    0.04094288211891231,
    0.03534092852454774,
    0.03431315350603293,
    0.031204789592430265,
    0.027802562390618853,
    0.025705605521987786,
    0.024555416962245915,
    0.024191314400882603,
    0.02224796330234566,
    0.021871127999502853,
    0.020769571070120726,
    0.019354233303613605,
    0.01775852690116152,
    0.017431072057125154,
    0.016750053010911387,
    0.01637684736849874,
    0.016071311551757603,
    0.015422366579161748,
    0.015125469087412826,
    0.014737276954020476,
    0.014219463824736834,
    0.014154839398190627,
    0.01363363894054078,
    0.013495457946234255,
    0.013209407255968706,
    0.012804765420567871,
    0.012768287477215928,
    0.012183613317976244,
    0.012014767301532612,
    0.011487762662013783,
    0.011260986666547889,
    0.011038359772789505,
    0.010722361189650212,
    0.010380369468472305,
    0.010162589795906736,
    0.00976653250500729,
    0.009355280041000771,
    0.00928688580686545,
    0.009242990501850672,
    0.009053753260903474,
    0.008972247090781631,
    0.008817315760866615,
    0.008772504231795878,
    0.008280973755161593,
    0.008134756525332056,
    0.007944118128508372,
    0.007710528283666591,
    0.007588922366021881,
    0.007363061047926332,
    0.007331803597394061,
    0.0071987361439404055,
    0.007114269716475686,
    0.006768458198865633,
    0.006433769507543738,
    0.006278843598439686,
    0.0060846837484052705,
    0.005997172362636722,
    0.005854165821200047,
    0.005767160742699533,
    0.005680180719807305,
    0.005219228743548428,
    0.0050519293450023445,
    0.004797599405608071,
    0.004630558261357455,
    0.004556713681238478,
    0.004400166184147197,
    0.004353692268112655,
    0.004055183002994083,
    0.003955079980707574,
    0.0038567748238827167,
    0.0037540295106932562,
    0.003603605018812978,
    0.0035401426126979727,
    0.0034459069270840422,
    0.003370675068798591,
    0.003218713198294883,
    0.0031323333788398954,
    0.002984840124377387
  ],
  "n_final_features": 79,
  "clinical_export_path": "C:\\Users\\yuzih\\Desktop\\diabetes code\\Fusion\\data\\clinical.csv",
  "patient_id_column": "PatientID",
  "feature_names": [
    "pc_1",
    "pc_2",
    "pc_3",
    "pc_4",
    "pc_5",
    "pc_6",
    "pc_7",
    "pc_8",
    "pc_9",
    "pc_10",
    "pc_11",
    "pc_12",
    "pc_13",
    "pc_14",
    "pc_15",
    "pc_16",
    "pc_17",
    "pc_18",
    "pc_19",
    "pc_20",
    "pc_21",
    "pc_22",
    "pc_23",
    "pc_24",
    "pc_25",
    "pc_26",
    "pc_27",
    "pc_28",
    "pc_29",
    "pc_30",
    "pc_31",
    "pc_32",
    "pc_33",
    "pc_34",
    "pc_35",
    "pc_36",
    "pc_37",
    "pc_38",
    "pc_39",
    "pc_40",
    "pc_41",
    "pc_42",
    "pc_43",
    "pc_44",
    "pc_45",
    "pc_46",
    "pc_47",
    "pc_48",
    "pc_49",
    "pc_50",
    "pc_51",
    "pc_52",
    "pc_53",
    "pc_54",
    "pc_55",
    "pc_56",
    "pc_57",
    "pc_58",
    "pc_59",
    "pc_60",
    "pc_61",
    "pc_62",
    "pc_63",
    "pc_64",
    "pc_65",
    "pc_66",
    "pc_67",
    "pc_68",
    "pc_69",
    "pc_70",
    "pc_71",
    "pc_72",
    "pc_73",
    "pc_74",
    "pc_75",
    "pc_76",
    "pc_77",
    "pc_78",
    "pc_79"
  ]
}